URL,Version,Status,OIDs,Name,Title,Descriptino,Uses,Used,Sources
http://hl7.org/fhir/ValueSet/additional-instruction-codes,4.0.1,draft,"2.16.840.1.113883.4.642.3.95",SNOMEDCTAdditionalDosageInstructions,SNOMED CT Additional Dosage Instructions,"This value set includes all SNOMED CT Additional Dosage Instructions.","StructureDefinition/BRPrescricaoMedicamento","SCT"
http://hl7.org/fhir/ValueSet/administration-method-codes,4.0.1,draft,"2.16.840.1.113883.4.642.3.97",SNOMEDCTAdministrationMethodCodes,SNOMED CT Administration Method Codes,"This value set includes some method codes from SNOMED CT - provided as an exemplar","StructureDefinition/BRPrescricaoMedicamento","SCT"
http://hl7.org/fhir/ValueSet/allergy-intolerance-type,4.0.1,draft,"2.16.840.1.113883.4.642.3.131",AllergyIntoleranceType,AllergyIntoleranceType,"Identification of the underlying physiological mechanism for a Reaction Risk.","StructureDefinition/BRAlergiaReacaoAdversa-1.0","hl7.fhir.r4.core"
http://hl7.org/fhir/ValueSet/allergyintolerance-clinical,4.0.1,draft,"2.16.840.1.113883.4.642.3.1372",AllergyIntoleranceClinicalStatusCodes,AllergyIntolerance Clinical Status Codes,"Preferred value set for AllergyIntolerance Clinical Status.","StructureDefinition/BRAlergiaReacaoAdversa-1.0","THO"
http://hl7.org/fhir/ValueSet/approach-site-codes,4.0.1,draft,"2.16.840.1.113883.4.642.3.346",SNOMEDCTAnatomicalStructureForAdministrationSiteCodes,SNOMED CT Anatomical Structure for Administration Site Codes,"This value set includes Anatomical Structure codes from SNOMED CT - provided as an exemplar.","StructureDefinition/BRPrescricaoMedicamento","SCT"
http://hl7.org/fhir/ValueSet/body-site,4.0.1,draft,"2.16.840.1.113883.4.642.3.141",SNOMEDCTBodyStructures,SNOMED CT Body Structures,"This value set includes all codes from [SNOMED CT](http://snomed.info/sct) where concept is-a 442083009 (Anatomical or acquired body site (body structure)).","StructureDefinition/BRProcedimentoRealizado-1.0,StructureDefinition/BRProblemaDiagnostico,StructureDefinition/BRObservacaoDescritiva-1.0,StructureDefinition/BRCID10Avaliado-1.0","SCT"
http://hl7.org/fhir/ValueSet/care-plan-activity-kind,4.0.1,draft,"2.16.840.1.113883.4.642.3.145",CarePlanActivityKind,Care Plan Activity Kind,"Resource types defined as part of FHIR that can be represented as in-line definitions of a care plan activity.","StructureDefinition/BRAtestado,StructureDefinition/BRPlanoCuidados-1.0","hl7.fhir.r4.core"
http://hl7.org/fhir/ValueSet/care-plan-activity-outcome,4.0.1,draft,"2.16.840.1.113883.4.642.3.149",CarePlanActivityOutcome,Care Plan Activity Outcome,"Example codes indicating the outcome of a care plan activity. Note that these are in no way complete and might not even be appropriate for some uses.","StructureDefinition/BRAtestado,StructureDefinition/BRPlanoCuidados-1.0","SCT"
http://hl7.org/fhir/ValueSet/care-plan-activity-status,4.0.1,draft,"2.16.840.1.113883.4.642.3.146",CarePlanActivityStatus,CarePlanActivityStatus,"Codes that reflect the current state of a care plan activity within its overall life cycle.","StructureDefinition/BRPlanoCuidados-1.0","hl7.fhir.r4.core"
http://hl7.org/fhir/ValueSet/care-plan-category,4.0.1,draft,"2.16.840.1.113883.4.642.3.148",CarePlanCategory,Care Plan Category,"Example codes indicating the category a care plan falls within.  Note that these are in no way complete and might not even be appropriate for some uses.","StructureDefinition/BRPlanoCuidados-1.0","SCT"
http://hl7.org/fhir/ValueSet/care-plan-intent,4.0.1,draft,"2.16.840.1.113883.4.642.3.150",CarePlanIntent,Care Plan Intent,"Codes indicating the degree of authority/intentionality associated with a care plan.","StructureDefinition/BRPlanoCuidados-1.0","hl7.fhir.r4.core"
http://hl7.org/fhir/ValueSet/clinical-findings,4.0.1,draft,"2.16.840.1.113883.4.642.3.232",SNOMEDCTClinicalFindings,SNOMED CT Clinical Findings,"This value set includes all the ""Clinical finding"" [SNOMED CT](http://snomed.info/sct) codes - concepts where concept is-a 404684003 (Clinical finding (finding)).","StructureDefinition/BRAtestado,StructureDefinition/BRPlanoCuidados-1.0","SCT"
http://hl7.org/fhir/ValueSet/composition-attestation-mode,4.0.1,draft,"2.16.840.1.113883.4.642.3.238",CompositionAttestationMode,CompositionAttestationMode,"The way in which a person authenticated a composition.","StructureDefinition/BRRegistroAtendimentoClinico,StructureDefinition/BRConjuntoMinimoDados-1.1,StructureDefinition/BRRegistroPrescricaoMedicamento","hl7.fhir.r4.core"
http://hl7.org/fhir/ValueSet/composition-status,4.0.1,draft,"2.16.840.1.113883.4.642.3.241",CompositionStatus,CompositionStatus,"The workflow/clinical status of the composition.","StructureDefinition/BRRegistroPrescricaoMedicamento","hl7.fhir.r4.core"
http://hl7.org/fhir/ValueSet/condition-code,4.0.1,draft,"2.16.840.1.113883.4.642.3.161",Condition/Problem/DiagnosisCodes,Condition/Problem/Diagnosis Codes,"Example value set for Condition/Problem/Diagnosis codes.","StructureDefinition/BRProcedimentoRealizado-1.0,StructureDefinition/BRPrescricaoMedicamento","SCT"
http://hl7.org/fhir/ValueSet/condition-severity,4.0.1,draft,"2.16.840.1.113883.4.642.3.168",Condition/DiagnosisSeverity,Condition/Diagnosis Severity,"Preferred value set for Condition/Diagnosis severity grading.","StructureDefinition/BRProblemaDiagnostico,StructureDefinition/BRCID10Avaliado-1.0","SCT"
http://hl7.org/fhir/ValueSet/condition-stage,4.0.1,draft,"2.16.840.1.113883.4.642.3.170",ConditionStage,Condition Stage,"Example value set for stages of cancer and other conditions.","StructureDefinition/BRProblemaDiagnostico,StructureDefinition/BRCID10Avaliado-1.0","SCT"
http://hl7.org/fhir/ValueSet/condition-stage-type,4.0.1,draft,"2.16.840.1.113883.4.642.3.171",ConditionStageType,Condition Stage Type,"Example value set for the type of stages of cancer and other conditions","StructureDefinition/BRProblemaDiagnostico,StructureDefinition/BRCID10Avaliado-1.0","SCT"
http://hl7.org/fhir/ValueSet/condition-ver-status,4.0.1,draft,"2.16.840.1.113883.4.642.3.166",ConditionVerificationStatus,ConditionVerificationStatus,"The verification status to support or decline the clinical status of the condition or diagnosis.","StructureDefinition/BRProblemaDiagnostico,StructureDefinition/BRCID10Avaliado-1.0","THO"
http://hl7.org/fhir/ValueSet/data-absent-reason,4.0.1,active,"2.16.840.1.113883.4.642.3.5",DataAbsentReason,DataAbsentReason,"Used to specify why the normally expected content of the data element is missing.","StructureDefinition/BRMedidaObservada,StructureDefinition/BRObservacaoDescritiva-1.0","THO"
http://hl7.org/fhir/ValueSet/days-of-week,4.0.1,active,"2.16.840.1.113883.4.642.3.512",DaysOfWeek,DaysOfWeek,"The days of the week.","StructureDefinition/BRPrescricaoMedicamento,StructureDefinition/BRAtestado,StructureDefinition/BRMedidaObservada,StructureDefinition/BRLocalAtendimento-1.0","hl7.fhir.r4.core"
http://hl7.org/fhir/ValueSet/device-action,4.0.1,draft,"2.16.840.1.113883.4.642.3.425",ProcedureDeviceActionCodes,Procedure Device Action Codes,"Example codes indicating the change that happened to the device during the procedure.  Note that these are in no way complete and might not even be appropriate for some uses.","StructureDefinition/BRProcedimentoRealizado-1.0","SCT"
http://hl7.org/fhir/ValueSet/device-kind,4.0.1,draft,"2.16.840.1.113883.4.642.3.208",FHIRDeviceTypes,FHIR Device Types,"Codes used to identify medical devices. Includes concepts from SNOMED CT (http://www.snomed.org/) where concept is-a 49062001 (Device)  and is provided as a suggestive example.","StructureDefinition/BRProcedimentoRealizado-1.0","SCT"
http://hl7.org/fhir/ValueSet/diagnosis-role,4.0.1,draft,"2.16.840.1.113883.4.642.3.49",DiagnosisRole,DiagnosisRole,"This value set defines a set of codes that can be used to express the role of a diagnosis on the Encounter or EpisodeOfCare record.","StructureDefinition/BRContatoAssistencial-1.0","THO"
http://hl7.org/fhir/ValueSet/doc-section-codes,4.0.1,draft,"2.16.840.1.113883.4.642.3.237",DocumentSectionCodes,Document Section Codes,"Document section codes (LOINC codes used in CCDA sections).","StructureDefinition/BRRegistroAtendimentoClinico,StructureDefinition/BRConjuntoMinimoDados-1.1,StructureDefinition/BRRegistroPrescricaoMedicamento","LOINC"
http://hl7.org/fhir/ValueSet/document-classcodes,4.0.1,active,"2.16.840.1.113883.3.88.12.80.46",DocumentClassValueSet,Document Class Value Set,"This is the code specifying the high-level kind of document (e.g. Prescription, Discharge Summary, Report, etc.). Note: Class code for documents comes from LOINC, and is based upon one of the following:The type of service described by the document. It is described at a very high level in Section 7.3 of the LOINC Manual. The type study performed. It was determined by identifying modalities for study reports. The section of the chart where the document is placed. It was determined from the SETs created for Claims Attachment requests.","StructureDefinition/BRRegistroPrescricaoMedicamento","LOINC"
http://hl7.org/fhir/ValueSet/document-relationship-type,4.0.1,draft,"2.16.840.1.113883.4.642.3.244",DocumentRelationshipType,DocumentRelationshipType,"The type of relationship between documents.","StructureDefinition/BRRegistroAtendimentoClinico,StructureDefinition/BRConjuntoMinimoDados-1.1,StructureDefinition/BRRegistroPrescricaoMedicamento","hl7.fhir.r4.core"
http://hl7.org/fhir/ValueSet/encounter-diet,4.0.1,draft,"2.16.840.1.113883.4.642.3.255",Diet,Diet,"This value set defines a set of codes that can be used to indicate dietary preferences or restrictions a patient may have.","StructureDefinition/BRContatoAssistencial-1.0","THO"
http://hl7.org/fhir/ValueSet/encounter-location-status,4.0.1,draft,"2.16.840.1.113883.4.642.3.262",EncounterLocationStatus,EncounterLocationStatus,"The status of the location.","StructureDefinition/BRContatoAssistencial-1.0","hl7.fhir.r4.core"
http://hl7.org/fhir/ValueSet/encounter-reason,4.0.1,draft,"2.16.840.1.113883.4.642.3.261",EncounterReasonCodes,Encounter Reason Codes,"This examples value set defines the set of codes that can be used to indicate reasons for an encounter.","StructureDefinition/BRContatoAssistencial-1.0","SCT"
http://hl7.org/fhir/ValueSet/encounter-special-arrangements,4.0.1,draft,"2.16.840.1.113883.4.642.3.253",SpecialArrangements,Special arrangements,"This value set defines a set of codes that can be used to indicate the kinds of special arrangements in place for a patients visit.","StructureDefinition/BRContatoAssistencial-1.0","THO"
http://hl7.org/fhir/ValueSet/encounter-special-courtesy,4.0.1,draft,"2.16.840.1.113883.4.642.3.252",SpecialCourtesy,Special courtesy,"This value set defines a set of codes that can be used to indicate special courtesies provided to the patient.","StructureDefinition/BRContatoAssistencial-1.0","THO (V3)"
http://hl7.org/fhir/ValueSet/encounter-status,4.0.1,draft,"2.16.840.1.113883.4.642.3.246",EncounterStatus,EncounterStatus,"Current state of the encounter.","StructureDefinition/BRContatoAssistencial-1.0","hl7.fhir.r4.core"
http://hl7.org/fhir/ValueSet/encounter-type,4.0.1,draft,"2.16.840.1.113883.4.642.3.248",EncounterType,Encounter type,"This example value set defines a set of codes that can be used to indicate the type of encounter: a specific code indicating type of service provided.","StructureDefinition/BRContatoAssistencial-1.0","THO"
http://hl7.org/fhir/ValueSet/event-timing,4.0.1,active,"2.16.840.1.113883.4.642.3.75",EventTiming,EventTiming,"Real world event relating to the schedule.","StructureDefinition/BRPrescricaoMedicamento,StructureDefinition/BRAtestado,StructureDefinition/BRMedidaObservada","THO (V3),hl7.fhir.r4.core"
http://hl7.org/fhir/ValueSet/identifier-type,4.0.1,active,"2.16.840.1.113883.4.642.3.45",Identifier Type Codes,IdentifierType,"A coded type for an identifier that can be used to determine which identifier to use for a specific purpose.","StructureDefinition/BRRegistroAtendimentoClinico,StructureDefinition/BRProcedimentoRealizado-1.0,StructureDefinition/BRConjuntoMinimoDados-1.1,StructureDefinition/BRPrescricaoMedicamento,StructureDefinition/BRAtestado,StructureDefinition/BRPlanoCuidados-1.0,StructureDefinition/BRAlergiaReacaoAdversa-1.0,StructureDefinition/BRMedidaObservada,StructureDefinition/BRProblemaDiagnostico,StructureDefinition/BRContatoAssistencial-1.0,StructureDefinition/BRObservacaoDescritiva-1.0,StructureDefinition/BRCID10Avaliado-1.0","THO (V2)"
http://hl7.org/fhir/ValueSet/identifier-use,4.0.1,active,"2.16.840.1.113883.4.642.3.57",IdentifierUse,IdentifierUse,"Identifies the purpose for this identifier, if known .","StructureDefinition/BRRegistroAtendimentoClinico,StructureDefinition/BRProcedimentoRealizado-1.0,StructureDefinition/BRConjuntoMinimoDados-1.1,StructureDefinition/BRPrescricaoMedicamento,StructureDefinition/BRAtestado,StructureDefinition/BRPlanoCuidados-1.0,StructureDefinition/BRAlergiaReacaoAdversa-1.0,StructureDefinition/BRMedidaObservada,StructureDefinition/BRProblemaDiagnostico,StructureDefinition/BRContatoAssistencial-1.0,StructureDefinition/BRObservacaoDescritiva-1.0,StructureDefinition/BRCID10Avaliado-1.0","hl7.fhir.r4.core"
http://hl7.org/fhir/ValueSet/languages,4.0.1,draft,"2.16.840.1.113883.4.642.3.20",CommonLanguages,Common Languages,"This value set includes common codes from BCP-47 (http://tools.ietf.org/html/bcp47)","StructureDefinition/BRRegistroAtendimentoClinico,StructureDefinition/BRProcedimentoRealizado-1.0,StructureDefinition/BRConjuntoMinimoDados-1.1,StructureDefinition/BRAtestado,StructureDefinition/BRMedicamento,StructureDefinition/BRMedidaObservada,StructureDefinition/BRCID10Avaliado-1.0,StructureDefinition/BRPrescricaoMedicamento,StructureDefinition/BRPlanoCuidados-1.0,StructureDefinition/BRAlergiaReacaoAdversa-1.0,StructureDefinition/BRRegistroPrescricaoMedicamento,StructureDefinition/BRLocalAtendimento-1.0,StructureDefinition/BRProblemaDiagnostico,StructureDefinition/BRContatoAssistencial-1.0,StructureDefinition/BRObservacaoDescritiva-1.0","hl7.terminology.r4"
http://hl7.org/fhir/ValueSet/list-empty-reason,4.0.1,draft,"2.16.840.1.113883.4.642.3.322",ListEmptyReasons,List Empty Reasons,"General reasons for a list to be empty. Reasons are either related to a summary list (i.e. problem or medication list) or to a workflow related list (i.e. consultation list).","StructureDefinition/BRRegistroAtendimentoClinico,StructureDefinition/BRConjuntoMinimoDados-1.1,StructureDefinition/BRRegistroPrescricaoMedicamento","THO"
http://hl7.org/fhir/ValueSet/list-mode,4.0.1,draft,"2.16.840.1.113883.4.642.3.318",ListMode,ListMode,"The processing mode that applies to this list.","StructureDefinition/BRRegistroAtendimentoClinico,StructureDefinition/BRConjuntoMinimoDados-1.1,StructureDefinition/BRRegistroPrescricaoMedicamento","hl7.fhir.r4.core"
http://hl7.org/fhir/ValueSet/list-order,4.0.1,draft,"2.16.840.1.113883.4.642.3.324",ListOrderCodes,List Order Codes,"Base values for the order of the items in a list resource.","StructureDefinition/BRRegistroAtendimentoClinico,StructureDefinition/BRConjuntoMinimoDados-1.1,StructureDefinition/BRRegistroPrescricaoMedicamento","THO"
http://hl7.org/fhir/ValueSet/location-mode,4.0.1,draft,"2.16.840.1.113883.4.642.3.330",LocationMode,LocationMode,"Indicates whether a resource instance represents a specific location or a class of locations.","StructureDefinition/BRLocalAtendimento-1.0","hl7.fhir.r4.core"
http://hl7.org/fhir/ValueSet/location-physical-type,4.0.1,draft,"2.16.840.1.113883.4.642.3.328",LocationType,Location type,"This example value set defines a set of codes that can be used to indicate the physical form of the Location.","StructureDefinition/BRLocalAtendimento-1.0,StructureDefinition/BRContatoAssistencial-1.0","THO"
http://hl7.org/fhir/ValueSet/location-status,4.0.1,draft,"2.16.840.1.113883.4.642.3.332",LocationStatus,LocationStatus,"Indicates whether the location is still in use.","StructureDefinition/BRLocalAtendimento-1.0","hl7.fhir.r4.core"
http://hl7.org/fhir/ValueSet/manifestation-or-symptom,4.0.1,draft,"2.16.840.1.113883.4.642.3.169",ManifestationAndSymptomCodes,Manifestation and Symptom Codes,"Example value set for Manifestation and Symptom codes.","StructureDefinition/BRProblemaDiagnostico,StructureDefinition/BRCID10Avaliado-1.0","SCT"
http://hl7.org/fhir/ValueSet/medication-codes,4.0.1,draft,"2.16.840.1.113883.4.642.3.375",SNOMEDCTMedicationCodes,SNOMED CT Medication Codes,"This value set includes all drug or medicament substance codes and all pharmaceutical/biologic products from SNOMED CT - provided as an exemplar value set.","StructureDefinition/BRAtestado,StructureDefinition/BRPlanoCuidados-1.0","SCT"
http://hl7.org/fhir/ValueSet/medicationrequest-category,4.0.1,draft,"2.16.840.1.113883.4.642.3.1322",medicationRequest Category Codes,Medication request  category  codes,"MedicationRequest Category Codes","StructureDefinition/BRPrescricaoMedicamento","THO"
http://hl7.org/fhir/ValueSet/medicationrequest-course-of-therapy,4.0.1,draft,"2.16.840.1.113883.4.642.3.1326",medicationRequest Course of Therapy Codes,Medication request  course of  therapy  codes,"MedicationRequest Course of Therapy Codes","StructureDefinition/BRPrescricaoMedicamento","THO"
http://hl7.org/fhir/ValueSet/medicationrequest-intent,4.0.1,draft,"2.16.840.1.113883.4.642.3.1321",medicationRequest Intent,Medication request  intent,"MedicationRequest Intent Codes","StructureDefinition/BRPrescricaoMedicamento","hl7.fhir.r4.core"
http://hl7.org/fhir/ValueSet/medicationrequest-status,4.0.1,draft,"2.16.840.1.113883.4.642.3.1320",medicationrequest Status,Medicationrequest  status,"MedicationRequest Status Codes","StructureDefinition/BRPrescricaoMedicamento","hl7.fhir.r4.core"
http://hl7.org/fhir/ValueSet/medicationrequest-status-reason,4.0.1,draft,"2.16.840.1.113883.4.642.3.1324",medicationRequest Status Reason Codes,Medication request  status  reason  codes,"MedicationRequest Status Reason Codes","StructureDefinition/BRPrescricaoMedicamento","THO"
http://hl7.org/fhir/ValueSet/observation-category,4.0.1,draft,"2.16.840.1.113883.4.642.3.403",ObservationCategoryCodes,Observation Category Codes,"Observation Category codes.","StructureDefinition/BRMedidaObservada,StructureDefinition/BRObservacaoDescritiva-1.0","THO"
http://hl7.org/fhir/ValueSet/observation-codes,4.0.1,draft,"2.16.840.1.113883.4.642.3.396",LOINCCodes,LOINC Codes,"This value set includes all LOINC codes","StructureDefinition/BRMedidaObservada,StructureDefinition/BRObservacaoDescritiva-1.0","LOINC"
http://hl7.org/fhir/ValueSet/observation-interpretation,4.0.1,active,"2.16.840.1.113883.4.642.3.399",ObservationInterpretationCodes,Observation Interpretation Codes,"A categorical assessment, providing a rough qualitative interpretation of the observation value,    such as “normal”/ “abnormal”,”low” / “high”, “better” / “worse”, “susceptible” / “resistant”, “expected”/ “not expected”.    The value set is intended to be for ANY use where coded representation of an interpretation is needed.             Notes:          This is being communicated in v2.x in OBX-8 (Observation Interpretation), in v3 in ObservationInterpretation (CWE) in R1 (Representative Realm) and in FHIR in    Observation.interpretation. Historically these values come from the laboratory domain, and these codes are extensively    used. The value set binding is extensible, so codes outside the value set that are needed for interpretation concepts    (i.e. particular meanings) that are not included in the value set can be used, and these new codes may also be added to    the value set and published in a future version.","StructureDefinition/BRMedidaObservada,StructureDefinition/BRObservacaoDescritiva-1.0","THO (V3)"
http://hl7.org/fhir/ValueSet/observation-methods,4.0.1,draft,"2.16.840.1.113883.4.642.3.395",ObservationMethods,Observation Methods,"Observation Method codes from [SNOMED CT](http://snomed.info/sct) where concept is-a 272394005 (Technique (qualifier value)) or is-a 129264002 (Action (qualifier value)) or is-a 386053000 (Evaluation procedure(procedure))","StructureDefinition/BRObservacaoDescritiva-1.0","SCT"
http://hl7.org/fhir/ValueSet/performer-role,4.0.1,draft,"2.16.840.1.113883.4.642.3.433",ProcedurePerformerRoleCodes,Procedure Performer Role Codes,"This example value set defines the set of codes that can be used to indicate a role of a procedure performer.","StructureDefinition/BRPrescricaoMedicamento","SCT"
http://hl7.org/fhir/ValueSet/procedure-category,4.0.1,draft,"2.16.840.1.113883.4.642.3.430",ProcedureCategoryCodes(SNOMEDCT),Procedure Category Codes (SNOMED CT),"Procedure Category code: A selection of relevant SNOMED CT codes.","StructureDefinition/BRProcedimentoRealizado-1.0","SCT"
http://hl7.org/fhir/ValueSet/procedure-code,4.0.1,draft,"2.16.840.1.113883.4.642.3.427",ProcedureCodes(SNOMEDCT),Procedure Codes (SNOMED CT),"Procedure Code: All SNOMED CT procedure codes.","StructureDefinition/BRAtestado,StructureDefinition/BRPlanoCuidados-1.0","SCT"
http://hl7.org/fhir/ValueSet/procedure-followup,4.0.1,draft,"2.16.840.1.113883.4.642.3.429",ProcedureFollowUpCodes(SNOMEDCT),Procedure Follow up Codes (SNOMED CT),"Procedure follow up codes: A selection of SNOMED CT codes relevant to procedure follow up.","StructureDefinition/BRProcedimentoRealizado-1.0","SCT"
http://hl7.org/fhir/ValueSet/procedure-not-performed-reason,4.0.1,active,"2.16.840.1.113883.4.642.3.431",ProcedureNotPerformedReason(SNOMED-CT),Procedure Not Performed Reason (SNOMED-CT),"Situation codes describing the reason that a procedure, which might otherwise be expected, was not performed, or a procedure that was started and was not completed. Consists of SNOMED CT codes, children of procedure contraindicated (183932001), procedure discontinued (416406003), procedure not done (416237000), procedure not indicated (428119001), procedure not offered (416064006), procedure not wanted (416432009), procedure refused (183944003), and procedure stopped (394908001).","StructureDefinition/BRProcedimentoRealizado-1.0","SCT"
http://hl7.org/fhir/ValueSet/procedure-outcome,4.0.1,draft,"2.16.840.1.113883.4.642.3.428",ProcedureOutcomeCodes(SNOMEDCT),Procedure Outcome Codes (SNOMED CT),"Procedure Outcome code: A selection of relevant SNOMED CT codes.","StructureDefinition/BRProcedimentoRealizado-1.0","SCT"
http://hl7.org/fhir/ValueSet/procedure-reason,4.0.1,draft,"2.16.840.1.113883.4.642.3.432",ProcedureReasonCodes,Procedure Reason Codes,"This example value set defines the set of codes that can be used to indicate a reason for a procedure.","StructureDefinition/BRProcedimentoRealizado-1.0","SCT"
http://hl7.org/fhir/ValueSet/quantity-comparator,4.0.1,active,"2.16.840.1.113883.4.642.3.59",QuantityComparator,QuantityComparator,"How the Quantity should be understood and represented.","StructureDefinition/BRPrescricaoMedicamento","hl7.fhir.r4.core"
http://hl7.org/fhir/ValueSet/reaction-event-severity,4.0.1,draft,"2.16.840.1.113883.4.642.3.135",AllergyIntoleranceSeverity,AllergyIntoleranceSeverity,"Clinical assessment of the severity of a reaction event as a whole, potentially considering multiple different manifestations.","StructureDefinition/BRAlergiaReacaoAdversa-1.0","hl7.fhir.r4.core"
http://hl7.org/fhir/ValueSet/referencerange-appliesto,4.0.1,draft,"2.16.840.1.113883.4.642.3.407",ObservationReferenceRangeAppliesToCodes,Observation Reference Range Applies To Codes,"This value set defines a set of codes that can be used to indicate the particular target population the reference range applies to.","StructureDefinition/BRMedidaObservada,StructureDefinition/BRObservacaoDescritiva-1.0","SCT"
http://hl7.org/fhir/ValueSet/referencerange-meaning,4.0.1,draft,"2.16.840.1.113883.4.642.3.397",ObservationReferenceRangeMeaningCodes,Observation Reference Range Meaning Codes,"This value set defines a set of codes that can be used to indicate the meaning/use of a reference range for a particular target population.","StructureDefinition/BRMedidaObservada,StructureDefinition/BRObservacaoDescritiva-1.0","THO"
http://hl7.org/fhir/ValueSet/request-priority,4.0.1,draft,"2.16.840.1.113883.4.642.3.115",RequestPriority,Request priority,"The clinical priority of a diagnostic order.","StructureDefinition/BRPrescricaoMedicamento","hl7.fhir.r4.core"
http://hl7.org/fhir/ValueSet/resource-types,5.0.0,active,"2.16.840.1.113883.4.642.3.27",ResourceType,Resource Types,"Concrete FHIR Resource Types","StructureDefinition/BRRegistroAtendimentoClinico,StructureDefinition/BRProcedimentoRealizado-1.0,StructureDefinition/BRConjuntoMinimoDados-1.1,StructureDefinition/BRAtestado,StructureDefinition/BRMedidaObservada,StructureDefinition/BRCID10Avaliado-1.0,StructureDefinition/BRPrescricaoMedicamento,StructureDefinition/BRPlanoCuidados-1.0,StructureDefinition/BRAlergiaReacaoAdversa-1.0,StructureDefinition/BRRegistroPrescricaoMedicamento,StructureDefinition/BRProblemaDiagnostico,StructureDefinition/BRContatoAssistencial-1.0,StructureDefinition/BRObservacaoDescritiva-1.0","FHIR"
http://hl7.org/fhir/ValueSet/route-codes,4.0.1,draft,"2.16.840.1.113883.4.642.3.98",SNOMEDCTRouteCodes,SNOMED CT Route Codes,"This value set includes all Route codes from SNOMED CT - provided as an exemplar.","StructureDefinition/BRAlergiaReacaoAdversa-1.0","SCT"
http://hl7.org/fhir/ValueSet/service-type,4.0.1,draft,"2.16.840.1.113883.4.642.3.518",ServiceType,Service type,"This value set defines an example set of codes of service-types.","StructureDefinition/BRContatoAssistencial-1.0","THO"
http://hl7.org/fhir/ValueSet/substance-code,4.0.1,draft,"2.16.840.1.113883.4.642.3.473",SubstanceCode,Substance Code,"This value set contains concept codes for specific substances. It includes codes from [SNOMED](http://snomed.info/sct) where concept is-a 105590001 (Substance (substance)) and where concept is-a 373873005 (Pharmaceutical / biologic product (product))","StructureDefinition/BRAlergiaReacaoAdversa-1.0","SCT"
http://hl7.org/fhir/ValueSet/timing-abbreviation,4.0.1,draft,"2.16.840.1.113883.4.642.3.78",TimingAbbreviation,TimingAbbreviation,"Code for a known / defined timing pattern.","StructureDefinition/BRPrescricaoMedicamento,StructureDefinition/BRAtestado","THO (V3)"
http://hl7.org/fhir/ValueSet/units-of-time,4.0.1,active,"2.16.840.1.113883.4.642.3.77",UnitsOfTime,UnitsOfTime,"A unit of time (units from UCUM).","StructureDefinition/BRPrescricaoMedicamento,StructureDefinition/BRAtestado,StructureDefinition/BRMedidaObservada","UCUM"
http://terminology.hl7.org/ValueSet/v2-0092,2.0.0,active,"2.16.840.1.113883.21.40",Hl7VSReAdmissionIndicator,hl7VS-re-admissionIndicator,"Value Set of codes which are used to specify that a patient is being re-admitted to a healthcare facility from which they were discharged, and indicates the circumstances around such re-admission.","StructureDefinition/BRContatoAssistencial-1.0","THO (V2)"
http://terminology.hl7.org/ValueSet/v2-0116,2.0.0,active,"2.16.840.1.113883.21.51",Hl7VSBedStatus,hl7VS-bedStatus,"Value Set of codes that specify the state of a bed in an inpatient setting, and is used to determine if a patient may be assigned to it or not.","StructureDefinition/BRLocalAtendimento-1.0","THO (V2)"
http://terminology.hl7.org/ValueSet/v3-ActCode,2.0.0,active,,ActCode,v3 Code System ActCode,"A code specifying the particular kind of Act that the Act-instance represents within its class.  Constraints:  The kind of Act (e.g. physical examination, serum potassium, inpatient encounter, charge financial transaction, etc.) is specified with a code from one of several, typically external, coding systems.  The coding system will depend on the class of Act, such as LOINC for observations, etc. Conceptually, the Act.code must be a specialization of the Act.classCode. This is why the structure of ActClass domain should be reflected in the superstructure of the ActCode domain and then individual codes or externally referenced vocabularies subordinated under these domains that reflect the ActClass structure. Act.classCode and Act.code are not modifiers of each other but the Act.code concept should really imply the Act.classCode concept. For a negative example, it is not appropriate to use an Act.code ""potassium"" together with and Act.classCode for ""laboratory observation"" to somehow mean ""potassium laboratory observation"" and then use the same Act.code for ""potassium"" together with Act.classCode for ""medication"" to mean ""substitution of potassium"". This mutually modifying use of Act.code and Act.classCode is not permitted.","StructureDefinition/BRRegistroAtendimentoClinico,StructureDefinition/BRConjuntoMinimoDados-1.1,StructureDefinition/BRRegistroPrescricaoMedicamento","THO (V3)"
http://terminology.hl7.org/ValueSet/v3-ActEncounterCode,2.0.0,active,"2.16.840.1.113883.1.11.13955",ActEncounterCode,ActEncounterCode,"Domain provides codes that qualify the ActEncounterClass (ENC)","StructureDefinition/BRContatoAssistencial-1.0","THO (V3)"
http://terminology.hl7.org/ValueSet/v3-ActSubstanceAdminSubstitutionCode,2.0.0,active,"2.16.840.1.113883.1.11.16621",ActSubstanceAdminSubstitutionCode,ActSubstanceAdminSubstitutionCode,"***No description***","StructureDefinition/BRPrescricaoMedicamento","THO (V3)"
http://terminology.hl7.org/ValueSet/v3-ConfidentialityClassification,2014-03-26,active,"2.16.840.1.113883.1.11.10228",v3.ConfidentialityClassification,V3 Value SetConfidentialityClassification," Set of codes used to value Act.Confidentiality and Role.Confidentiality attribute in accordance with the definition for concept domain ""Confidentiality"".","StructureDefinition/BRRegistroAtendimentoClinico,StructureDefinition/BRConjuntoMinimoDados-1.1,StructureDefinition/BRRegistroPrescricaoMedicamento","THO (V3)"
http://terminology.hl7.org/ValueSet/v3-ServiceDeliveryLocationRoleType,2.0.0,active,"2.16.840.1.113883.1.11.17660",ServiceDeliveryLocationRoleType,ServiceDeliveryLocationRoleType,"A role of a place that further classifies the setting (e.g., accident site, road side, work site, community location) in which services are delivered.","StructureDefinition/BRLocalAtendimento-1.0","THO (V3)"
http://terminology.hl7.org/ValueSet/v3-SubstanceAdminSubstitutionReason,2.0.0,active,"2.16.840.1.113883.1.11.19377",SubstanceAdminSubstitutionReason,SubstanceAdminSubstitutionReason,"***No description***","StructureDefinition/BRPrescricaoMedicamento","THO (V3)"
http://www.saude.gov.br/fhir/r4/ValueSet/BRAlergenos-1.0,1.0.0,active,,BRAlergenos,Alérgenos,"Descreve o agente capaz de causar alergia ou reação adversa em seres humanos.","StructureDefinition/BRAlergiaReacaoAdversa-1.0","Internal"
http://www.saude.gov.br/fhir/r4/ValueSet/BRCID10-1.0,1.0.0,active,,BRCID10,Classificação Internacional de Doenças - Décima Revisão - CID-10,"Classificação Internacional de Doenças - Décima Revisão - CID-10","StructureDefinition/BRCID10Avaliado-1.0","Internal"
http://www.saude.gov.br/fhir/r4/ValueSet/BRCaraterAtendimento-1.0,1.0.0,active,,BRCaraterAtendimento,Caráter de atendimento do Contato Assistencial,"ValueSet utilizado para classificar a prioridade de realização de um Contato Assistencial.","StructureDefinition/BRContatoAssistencial-1.0","Internal"
http://www.saude.gov.br/fhir/r4/ValueSet/BRCategoriaAgenteAlergiasReacoesAdversas-1.0,1.0.0,active,,BRCategoriaAgenteAlergiasReacoesAdversas,Categoria do Agente da Alergia ou Reação Adversa,"Categoriza a substância responsável por causar uma alergia ou reação adversa.","StructureDefinition/BRAlergiaReacaoAdversa-1.0","hl7.fhir.r4.core"
http://www.saude.gov.br/fhir/r4/ValueSet/BRCategoriaCondicao,1.0.0,active,,BRCategoriaCondicao,Classificação de uma condição,"Tradução para o português do brasil da classificação de uma condição","StructureDefinition/BRProblemaDiagnostico","THO"
http://www.saude.gov.br/fhir/r4/ValueSet/BRCategoriaDiagnostico,1.0.0,active,,BRCategoriaDiagnostico,Categoria do Diagnóstico,"ValueSet utilizado para definir o tipo de categoria do diagnóstico realizado.","StructureDefinition/BRCID10Avaliado-1.0","Internal"
http://www.saude.gov.br/fhir/r4/ValueSet/BRCriticidadeAlergiasReacoesAdversas-1.0,1.0.0,active,,BRCriticidadeAlergiasReacoesAdversas,Criticidade de Alergias e Reações Adversas,"Indica o potencial de danos nos órgãos críticos do sistema ou consequência de ameaça à vida..","StructureDefinition/BRAlergiaReacaoAdversa-1.0","hl7.fhir.r4.core"
http://www.saude.gov.br/fhir/r4/ValueSet/BREstadoAfastamentoAtestado,1.0.0,active,,BREstadoAfastamentoAtestado,Status do afastamento descrito no atestado,"Status do afastamento descrito no atestado médico/odontológico.","StructureDefinition/BRAtestado","hl7.fhir.r4.core"
http://www.saude.gov.br/fhir/r4/ValueSet/BREstadoAtestado,1.0.0,active,,BREstadoAtestado,Status do atestado,"Status do atestado médico/odontológico.","StructureDefinition/BRAtestado","hl7.fhir.r4.core"
http://www.saude.gov.br/fhir/r4/ValueSet/BREstadoContatoAssistencial-1.0,1.0.0,active,,BREstadoContatoAssistencial,Estado do Contato Assistencial,"Classifica o estado de um Contato Assistencial.","StructureDefinition/BRContatoAssistencial-1.0","hl7.fhir.r4.core"
http://www.saude.gov.br/fhir/r4/ValueSet/BREstadoDocumento-1.0,1.0.0,active,,BREstadoDocumento,Estado do Documento,"Classifica o estado do documento que está sendo trafegado.","StructureDefinition/BRRegistroAtendimentoClinico,StructureDefinition/BRConjuntoMinimoDados-1.1","hl7.fhir.r4.core"
http://www.saude.gov.br/fhir/r4/ValueSet/BREstadoEvento-1.0,1.0.0,active,,BREstadoEvento,Estado do Evento,"Identificação do estado de um evento.","StructureDefinition/BRProcedimentoRealizado-1.0","hl7.fhir.r4.core"
http://www.saude.gov.br/fhir/r4/ValueSet/BREstadoObservacao-1.0,1.0.0,active,,BREstadoObservacao,Estado da Observação,"Tipos de estados de uma observação.","StructureDefinition/BRMedidaObservada,StructureDefinition/BRObservacaoDescritiva-1.0","hl7.fhir.r4.core"
http://www.saude.gov.br/fhir/r4/ValueSet/BREstadoResolucaoDiagnosticoProblema-1.0,1.0.0,active,,BREstadoResolucaoDiagnosticoProblema,Estado da Resolução de Diagnóstico ou Problema,"Estado da resolução de um diagnóstico ou problema.","StructureDefinition/BRProblemaDiagnostico,StructureDefinition/BRCID10Avaliado-1.0","THO"
http://www.saude.gov.br/fhir/r4/ValueSet/BREstadoSolicitacao-1.0,1.0.0,active,,BREstadoSolicitacao,Estado da Solicitação,"Estado da solicitação.","StructureDefinition/BRPlanoCuidados-1.0","hl7.fhir.r4.core"
http://www.saude.gov.br/fhir/r4/ValueSet/BREstadoSolicitacaoMedicamento-1.0,1.0.0,active,,BREstadoSolicitacaoMedicamento,Estado da Solicitação de Medicamento,"Estado da Solicitação de Medicamento","StructureDefinition/BRMedicamento","hl7.fhir.r4.core"
http://www.saude.gov.br/fhir/r4/ValueSet/BRFinanciamento-1.0,1.0.0,active,,BRFinanciamento,Financiamento do procedimento realizado,"Descreve o agente, instituição ou entidade responsável por custear as ações e serviços de saúde.","StructureDefinition/BRFinanciamento-1.0","Internal"
http://www.saude.gov.br/fhir/r4/ValueSet/BRFrequenciaUsoSubstancia,1.0.0,active,,BRFrequenciaUsoSubstancia,Frequência de Uso da Substância,"Identifica a frequência de uso da substância em uso conforme declaração do indivíduo.","StructureDefinition/BRMedidaObservada","THO (V3),Internal"
http://www.saude.gov.br/fhir/r4/ValueSet/BRGrauCertezaAlergiasReacoesAdversas-1.0,1.0.0,active,,BRGrauCertezaAlergiasReacoesAdversas,Grau de Certeza de Alergias e Reações Adversas,"Indica o grau de certeza que se possui ao avaliar uma alergia ou reação adversa.","StructureDefinition/BRAlergiaReacaoAdversa-1.0","THO"
http://www.saude.gov.br/fhir/r4/ValueSet/BRIntencaoAtestado,1.0.0,active,,BRIntencaoAtestado,Intenção do atestado,"Intenção do atestado médico/odontológico.","StructureDefinition/BRAtestado","hl7.fhir.r4.core"
http://www.saude.gov.br/fhir/r4/ValueSet/BRJustificativaIndividuoNaoIdentificado-1.0,1.0.0,active,,BRJustificativaIndividuoNaoIdentificado,Justificativa da Impossibilidade de Identificação do Indivíduo,"Classifica as razões pelo qual não foi possível obter os dados de identificação do indivíduo em um contato assistencial. (Port. nº 84/SAS/MS/1997 e Port. nº02/SAS/SGEP/MS/2012)","StructureDefinition/BRIndividuoNaoIdentificado-1.0","Internal"
http://www.saude.gov.br/fhir/r4/ValueSet/BRLocalAfericao-1.0,1.0.0,active,,BRLocalAfericao,Local de Aferição,"ValueSet utilizado para identificar a parte do corpo utilizada para aferir a pressão arterial.","StructureDefinition/BRMedidaObservada","Internal"
http://www.saude.gov.br/fhir/r4/ValueSet/BRModalidadeAssistencial-1.0,1.0.0,active,,BRModalidadeAssistencial,Modalidade Assistencial,"Classificação dos documentos e contatos assistenciais de acordo com as especificidades do modo, local e duração do atendimento.","StructureDefinition/BRRegistroAtendimentoClinico,StructureDefinition/BRConjuntoMinimoDados-1.1,StructureDefinition/BRContatoAssistencial-1.0","Internal"
http://www.saude.gov.br/fhir/r4/ValueSet/BRMotivoDesfecho-1.0,1.0.0,active,,BRMotivoDesfecho,Motivo do desfecho do Contato assistencial,"ValueSet utilizado para classificar o motivo de conclusão total ou parcial do contato assistencial.","StructureDefinition/BRContatoAssistencial-1.0","Internal"
http://www.saude.gov.br/fhir/r4/ValueSet/BRMunicipio-1.0,1.0.0,active,,BRMunicipio,Município,"Municípios brasileiros, entes subnacionais.","StructureDefinition/BRMunicipio-1.0","Internal"
http://www.saude.gov.br/fhir/r4/ValueSet/BROcupacao-1.0,1.0.0,active,,BROcupacao,Classificação Brasileira de Ocupações - CBO,"Classifica as profissões do mercado de trabalho brasileiro.","StructureDefinition/BRProcedimentoRealizado-1.0,StructureDefinition/BROcupacao-1.0","Internal"
http://www.saude.gov.br/fhir/r4/ValueSet/BROrigemMedida,1.0.0,active,,BROrigemMedida,Origem de Medição,"ValueSet utilizado para definir o tipo de medição corporal adotada.","StructureDefinition/BROrigemMedida","LOINC"
http://www.saude.gov.br/fhir/r4/ValueSet/BRPais-1.0,1.0.0,active,,BRPais,País,"Códigos para representação de países.","StructureDefinition/BRPais-1.0","Internal"
http://www.saude.gov.br/fhir/r4/ValueSet/BRPapelProblemaDiagnostico,1.0.0,active,,BRPapelProblemaDiagnostico,Classificação do papel de um problema e diagnóstico,"Tradução para o português do brasil da classificação do papel de um problema/diagnóstico.","StructureDefinition/BRContatoAssistencial-1.0","Internal,THO"
http://www.saude.gov.br/fhir/r4/ValueSet/BRPosicaoIndividuo,1.0.0,active,,BRPosicaoIndividuo,Posição do Indivíduo,"ValueSet utilizado para identificar a posição do indivíduo no momento da ação / procedimento.","StructureDefinition/BRMedidaObservada","Internal,LOINC"
http://www.saude.gov.br/fhir/r4/ValueSet/BRProblemaDiagnostico,1.0.0,active,,BRProblemaDiagnostico,Classificação Internacional de Doenças e Atenção Primária,"Código Internacional de Atenção Primária (CIAP2) e Classificação Internacional de Doenças (CID10)","StructureDefinition/BRProblemaDiagnostico","Internal"
http://www.saude.gov.br/fhir/r4/ValueSet/BRProcedencia-1.0,1.0.0,active,,BRProcedencia,Procedência do Contato Assistencial,"Classifica o serviço que encaminhou o indivíduo ou a sua iniciativa/de seu responsável na busca pelo acesso ao serviço de saúde.","StructureDefinition/BRContatoAssistencial-1.0","Internal"
http://www.saude.gov.br/fhir/r4/ValueSet/BRProcedimentosNacionais-1.0,1.0.0,active,,BRProcedimentosNacionais,Procedimento realizado,"ValueSet das classificações brasileiras para procedimentos adotadas em contexto nacional, os CodeSystems apresentam os códigos da competência atual, para o envio de competência anterior os códigos devem ser consultados na RTS.","StructureDefinition/BRProcedimentoRealizado-1.0","Internal"
http://www.saude.gov.br/fhir/r4/ValueSet/BRReacoesAdversasMedDRA-1.0,1.0.0,active,,BRReacoesAdversasMedDRA,Reações Adversas da MedDRA,"Classifica as reações adversas de acordo com o Medical Dictionary for Regulatory Activities.","StructureDefinition/BRAlergiaReacaoAdversa-1.0","Internal"
http://www.saude.gov.br/fhir/r4/ValueSet/BRResponsabilidadeParticipante-1.0,1.0.0,active,,BRResponsabilidadeParticipante,Reponsabilidade no Contato Assistencial,"Classifica o tipo de responsabilidade de indivíduos ou profissionais no Contato Assistencial.","StructureDefinition/BRContatoAssistencial-1.0","Internal"
http://www.saude.gov.br/fhir/r4/ValueSet/BRSexo-1.0,1.0.0,active,,BRSexo,Sexo,"Sexo de um indivíduo.","StructureDefinition/BRIndividuoNaoIdentificado-1.0","hl7.fhir.r4.core"
http://www.saude.gov.br/fhir/r4/ValueSet/BRTerminologiaMedicamento,1.0.0,active,,BRTerminologiaMedicamento,Terminologia dos medicamentos,"ValueSet utilizado para definir a terminologia de um dado medicamento.","StructureDefinition/BRMedicamento","Internal"
http://www.saude.gov.br/fhir/r4/ValueSet/BRTipoAleitamentoMaterno-1.0,1.0.0,active,,BRTipoAleitamentoMaterno,Tipo de Aleitamento Materno,"Definição do tipo de aleitamento materno realizado a uma criança.",,"Internal"
http://www.saude.gov.br/fhir/r4/ValueSet/BRTipoAtestado,1.0.0,active,,BRTipoAtestado,Tipo de atestado,"Tipo de atestado dentro das categorias médico/odontológico","StructureDefinition/BRAtestado","Internal"
http://www.saude.gov.br/fhir/r4/ValueSet/BRTipoDocumento-1.0,1.0.0,active,,BRTipoDocumento,Tipo de Documento,"Classifica o tipo de documento que está sendo trafegado.","StructureDefinition/BRRegistroAtendimentoClinico,StructureDefinition/BRConjuntoMinimoDados-1.1,StructureDefinition/BRRegistroPrescricaoMedicamento","Internal"
http://www.saude.gov.br/fhir/r4/ValueSet/BRTipoIdentificadorProcedimento-1.0,1.0.0,active,,BRTipoIdentificadorProcedimento,Tipo de Identificador do Procedimento,"Classifica o tipo de identificador que está sendo utilizado para o procedimento.","StructureDefinition/BRProcedimentoRealizado-1.0","Internal"
http://www.saude.gov.br/fhir/r4/ValueSet/BRTipoObservacao-1.0,1.0.0,active,,BRTipoObservacao,Tipo de Observação,"Tipo de Observação.","StructureDefinition/BRMedidaObservada,StructureDefinition/BRObservacaoDescritiva-1.0","Internal,LOINC"
http://www.saude.gov.br/fhir/r4/ValueSet/BRTipoSubstanciaUso-1.0,1.0.0,active,,BRTipoSubstanciaUso,Tipo de Substância em Uso,"Identifica o tipo de substância em uso conforme declaração do indivíduo, de acordo com o especificado no modelo de informação do Registro de Atendimento Clínico da Resolução CIT nº 33/2018.",,"Internal"
http://www.saude.gov.br/fhir/r4/ValueSet/BRTurno,1.0.0,active,,BRTurno,Turno do dia,"ValueSet utilizado para definir o turno de um dia.","StructureDefinition/BRPrescricaoMedicamento,StructureDefinition/BRTurno","Internal"
http://www.saude.gov.br/fhir/r4/ValueSet/BRUnidadeConsumo,1.0.0,active,,BRUnidadeConsumo,Unidade de Consumo,"ValueSet utilizado para definir a unidade de consumo de um medicamento prescrito.","StructureDefinition/BRPrescricaoMedicamento","Internal"
http://www.saude.gov.br/fhir/r4/ValueSet/BRUnidadeMedidaMedicamento,1.0.0,active,,BRUnidadeMedidaMedicamento,Unidade de Medida de Medicamento,"ValueSet utilizado para definir a unidade de medida de medicamentos sob informações do fabricante.","StructureDefinition/BRMedicamento","Internal"
http://www.saude.gov.br/fhir/r4/ValueSet/BRUnidadeTempo,1.0.0,active,,BRUnidadeTempo,Unidade de Tempo,"ValueSet utilizado para definir uma unidade de tempo.","StructureDefinition/BRIntervaloDoses,StructureDefinition/BRPrescricaoMedicamento","Internal"
http://www.saude.gov.br/fhir/r4/ValueSet/BRViaAdministracao-1.0,1.0.0,active,,BRViaAdministracao,Via de Administração do Imunobiológico,"Via de administração de um imunobiológico.","StructureDefinition/BRPrescricaoMedicamento","Internal"
http://www.saude.gov.br/fhir/r4/ValueSet/RoupasUsadasMedicao,1.0.0,active,,RoupasUsadasMedicao,Roupas Usadas na Medição,"ValueSet utilizado para definir o tipo de roupa usada durante a medição corpórea com base na lista de respostas da LOINC de código LL742-8.","StructureDefinition/BRRoupasUsadasMedicao","LOINC"
